,lines,scene,polarity,polarity_rolling
0,INTERVIEWER:,1.0,0.0,0.05432
1,So as you've been,1.0,0.0,0.02716
2,coaching over the years,1.0,0.0,0.02716
3,what would you say are the,1.0,0.0,0.02716
4,most important,1.0,0.2716,0.02716
5, uh,1.0,0.0,0.02716
6, lessons  ,1.0,0.0,0.02716
7,of leadership,1.0,0.0,0.02716
8,that you've learned?  ,1.0,0.0,0.0712
9,COACH K:,1.0,0.0,0.0712
10,The very first thing is that,1.0,0.0,0.044039999999999996
11,you know,1.0,0.0,-0.010190000000000005
12,in order to get better,1.0,0.4404,-0.06442
13,you change limits.  ,1.0,0.0,-0.06442
14,And when you change limits,1.0,0.0,-0.11548000000000003
15,you're gonna look bad,1.0,-0.5423,-0.11548000000000003
16,and you're gonna fail.  ,1.0,-0.5423,-0.11548000000000003
17,And at West Point,1.0,0.0,-0.11548000000000003
18,I learned that failure,1.0,-0.5106,-0.15952000000000002
19,was never a destination.   ,1.0,0.0,-0.15952000000000002
20,In other words,1.0,0.0,-0.15952000000000002
21,when you are knocked back,1.0,0.0,-0.10529000000000002
22,you know,1.0,0.0,-0.051060000000000015
23, figure out why,1.0,0.0,-0.07606000000000002
24,and then,1.0,0.0,-0.025000000000000012
25, then change.   ,1.0,0.0,-0.025000000000000012
26,The other thing is that you're,1.0,0.0,-0.025000000000000012
27,not gonna get there alone.   ,1.0,-0.25,-0.025000000000000012
28,You know,1.0,0.0,0.01903999999999999
29, be on a team.   ,1.0,0.0,0.01903999999999999
30,You know,1.0,0.0,0.01903999999999999
31, surround yourself,1.0,0.0,0.01903999999999999
32,with good people   ,1.0,0.4404,0.01903999999999999
33,and learn how to listen.   ,1.0,0.0,0.04403999999999999
34,You're not gonna learn,1.0,0.0,0.04403999999999999
35,with you just talking.   ,1.0,0.0,0.07586
36,And when you do talk,1.0,0.0,0.07586
37,converse,1.0,0.0,0.07586
38,don't make excuses.   ,1.0,0.0,0.031819999999999994
39,Figure out the solution.   ,1.0,0.3182,0.031819999999999994
40,And you don't have to,1.0,0.0,0.031819999999999994
41,figure it out yourself.   ,1.0,0.0,0.031819999999999994
42,I always wanted to be,1.0,0.0,0.031819999999999994
43,a part of a team   ,1.0,0.0,0.031819999999999994
44,and obviously I wanted,1.0,0.0,0.07200999999999999
45,to lead that team.   ,1.0,0.0,0.04019
46,You know,1.0,0.0,0.04019
47, what a,1.0,0.0,0.04019
48,what an interesting life   ,1.0,0.4019,0.04019
49,it is to be a leader.   ,1.0,0.0,0.08038
50,That's something.   ,1.0,0.0,0.08038
51,(alarm beeping)   ,2.0,0.0,0.0
52,(beeping continues,2.0,0.0,0.0
53, stops)   ,2.0,0.0,-0.05423
54,(sighs)   ,2.0,0.0,-0.05423
55,(alarm chirps)   ,2.0,0.0,-0.05423
56,(engine starts)   ,2.0,0.0,-0.10846
57,fuck you,2.0,-0.5423,-0.09819
58, cousin.   ,2.0,0.0,-0.09819
59,(ominous music playing)   ,2.0,0.0,-0.09819
60,Jesus fuck' Christ.   ,2.0,-0.5423,-0.08792
61,You gotta be kidding me.   ,2.0,0.1027,-0.14215
62,(discordant music playing)   ,2.0,0.0,-0.14215
63,Hey,3.0,0.0,-0.07314000000000001
64, forks.   ,3.0,0.0,-0.09577
65,No,3.0,-0.296,-0.06616999999999999
66, no. I'm Richard.   ,3.0,-0.296,-0.03657
67,Okay.   ,3.0,0.2263,-0.03657
68,I'm Garrett,3.0,0.0,-0.03657
69, back wait staff.   ,3.0,0.0,-0.03657
70,You're forks.   ,3.0,0.0,-0.03657
71,Change your shirt.   ,3.0,0.0,-0.006969999999999999
72,(forks clanging)   ,3.0,0.0,0.02263
73,(mouths)   ,3.0,0.0,0.04019
74,Chef,3.0,0.0,0.04019
75, are we done,3.0,0.0,0.04019
76,with the forks?   ,3.0,0.0,0.04019
77,Yes,3.0,0.4019,0.04019
78, Chef. Almost,3.0,0.0,0.04019
79, Chef.,3.0,0.0,0.04019
80,Let me ask you.   ,3.0,0.0,0.04019
81,Every stage,3.0,0.0,0.04019
82,shine fuckin' forks,3.0,0.0,0.04019
83,his whole first fuckin' day?   ,3.0,0.0,0.0
84,First week.,3.0,0.0,0.04215
85,Week?,3.0,0.0,0.04215
86,GARRETT:,3.0,0.0,0.04215
87,First week is forks.   ,3.0,0.0,0.01715
88,And if you get lucky,3.0,0.4215,0.01715
89,you make it to spoons.   ,3.0,0.0,0.04897
90,Can we chill out,3.0,0.0,0.04897
91,on the swearing,3.0,-0.25,0.04897
92, too,3.0,0.0,0.04897
93,please?   ,3.0,0.3182,0.07397000000000001
94,How long am I,3.0,0.0,0.039540000000000006
95,supposed to be here for?,3.0,0.0,0.039540000000000006
96,A week.,3.0,0.0,0.039540000000000006
97,Alright.   ,3.0,0.25,0.10858000000000001
98,You want me to fork,3.0,0.0772,0.10858000000000001
99,I'll fork.   ,3.0,0.0,0.07676000000000001
100,I'm not gonna give cousin,3.0,0.0,0.07676000000000001
101,the satisfaction   ,3.0,0.4404,0.10464999999999999
102,of coming home early.   ,3.0,0.0,0.048909999999999995
103,I can do my time,3.0,0.0,0.023909999999999997
104,standing on one foot.   ,3.0,0.0,0.07987999999999999
105,So let me get this straight.   ,3.0,0.2789,0.07987999999999999
106,He's punishing you,3.0,-0.5574,0.04587999999999999
107,by making you work   ,3.0,0.0,0.0018399999999999916
108,at the best restaurant,3.0,0.6369,0.06433
109,in the world?   ,3.0,0.0,0.06433
110,Yep. He's punishing me,3.0,-0.34,0.06433
111,for being ancillary.   ,3.0,0.0,0.03644
112,GARRETT: Great. Let me,3.0,0.6249,0.03795
113,give you some purpose then.   ,3.0,0.0,0.08199000000000001
114,Dry those properly.   ,3.0,0.0,0.018300000000000004
115,You see those streaks?,3.0,0.0,0.018300000000000004
116,That's bad.   ,3.0,-0.5423,0.05230000000000001
117,Thanks,3.0,0.4404,0.05230000000000001
118, Junior.   ,3.0,0.0,-0.010189999999999987
119,Where's the boss?,3.0,0.0,-0.010189999999999987
120,Which one?,3.0,0.0,-0.06441999999999999
121,Big boss. Capo. Terry.   ,3.0,0.0,-0.06441999999999999
122,Chef Terry is always watching.   ,3.0,0.0,-0.010189999999999987
123,(Richie scoffs)   ,3.0,0.0,-0.10846
124,fuck you,3.0,-0.5423,-0.10846
125, cousin.   ,3.0,0.0,-0.10846
126,"(""Glass",4.0,0.0,0.0
127," Concrete & Stone""",4.0,0.0,0.0
128,by David Byrne playing)   ,4.0,0.0,0.0
129,(alarm beeping,4.0,0.0,0.0
130, stops)   ,4.0,0.0,0.0
131,Now I'm wakin',4.0,0.0,0.0
132,at the crack of dawn   ,4.0,0.0,0.03612
133,To send,4.0,0.0,0.03612
134,a little money home   ,4.0,0.0,0.03612
135,From here to the moon   ,4.0,0.0,0.03612
136,Is risin' like,4.0,0.3612,0.03612
137,a discotheque   ,4.0,0.0,0.09186000000000001
138,And now my bags,4.0,0.0,0.12368000000000001
139,are down and packed   ,4.0,0.0,0.12368000000000001
140,For traveling   ,4.0,0.0,0.12368000000000001
141,Lookin' at happiness   ,4.0,0.5574,0.12368000000000001
142,Keepin' my flavor fresh   ,4.0,0.3182,0.08756000000000001
143,Nobody knows I guess   ,4.0,0.0,0.08756000000000001
144,How far I'll go,4.0,0.0,0.08756000000000001
145, I know   ,4.0,0.0,0.08756000000000001
146,So I'm leavin',4.0,0.0,0.08756000000000001
147,at six o' clock   ,4.0,0.0,0.031820000000000015
148,Meet in a parkin' lot   ,4.0,0.0,1.6653345369377347e-17
149,Harriet Hendershot   ,4.0,0.0,1.6653345369377347e-17
150,Sunglasses on   ,4.0,0.0,1.6653345369377347e-17
151,She waits by this   ,4.0,0.0,1.6653345369377347e-17
152,Glass and concrete,4.0,0.0,1.6653345369377347e-17
153,and stone   ,4.0,0.0,1.6653345369377347e-17
154,It is just a house   ,4.0,0.0,1.6653345369377347e-17
155,Not a home   ,4.0,0.0,1.6653345369377347e-17
156,And my head   ,4.0,0.0,1.6653345369377347e-17
157,Is    feet high   ,4.0,0.0,1.6653345369377347e-17
158,Let my body and soul   ,4.0,0.0,1.6653345369377347e-17
159,Be my guide   ,4.0,0.0,1.6653345369377347e-17
160,(fork clangs)   ,4.0,0.0,1.6653345369377347e-17
161,Yo. Garrett. Chef.   ,5.0,0.0,-0.059199999999999996
162,I've been doing this forever.    ,5.0,0.0,0.03409000000000001
163,Can I... wash dishes,5.0,0.0,0.03409000000000001
164,or something?    ,5.0,0.0,0.03409000000000001
165,No,5.0,-0.296,0.03409000000000001
166, we got the best,5.0,0.6369,0.0032000000000000084
167,dishwashers in the world.    ,5.0,0.0,0.0032000000000000084
168,You're just gonna,5.0,0.0,0.0032000000000000084
169,slow 'em down.    ,5.0,0.0,0.043390000000000005
170,That wasn't clean.    ,5.0,-0.3089,0.043390000000000005
171,I've been doing this,5.0,0.0,0.042100000000000005
172,for nine hours.    ,5.0,0.0,-0.05247999999999999
173,I think I know what's clean.    ,5.0,0.4019,-0.020659999999999994
174,I'm telling you,5.0,0.0,-0.06833
175,that's not clean.    ,5.0,-0.3089,-0.06833
176,That was not clean either.,5.0,-0.3089,-0.03744
177,Please do them properly--    ,5.0,0.3182,-0.03744
178,Yo. They're goddamn forks.    ,5.0,-0.4767,-0.03744
179,Outside.    ,5.0,0.0,-0.07763
180,GARRETT:,5.0,0.0,-0.07763
181,Do you think this is,5.0,0.0,-0.04674
182,below you or something?    ,5.0,0.0,-0.015849999999999996
183,(scoffs)    ,5.0,0.0,-0.07726999999999999
184,Man,5.0,0.0,-0.029599999999999994
185, I think I'm    years old,5.0,0.0,-0.029599999999999994
186,polishing forks.    ,5.0,0.0,-0.029599999999999994
187,No one is asking you,5.0,-0.296,0.012550000000000006
188,to be here.    ,5.0,0.0,0.012550000000000006
189,I don't think anybody,5.0,0.0,0.0022800000000000055
190,remembers your name.    ,5.0,0.0,0.0022800000000000055
191,Nice try.    ,5.0,0.4215,0.033170000000000005
192,You think I don't know,5.0,0.0,0.033170000000000005
193,how hard it is    ,5.0,-0.1027,0.06277
194,hiring people since COVID?    ,5.0,0.0,0.06277
195,We don't have that problem.    ,5.0,0.3089,0.09237
196,You really drink,5.0,0.0,0.09237
197,this Kool-Aid,5.0,0.0,0.05022
198, huh?    ,5.0,0.0,0.11391
199,Yeah,5.0,0.296,0.12418
200, I do.    ,5.0,0.0,0.18787
201,Why?,5.0,0.0,0.15698
202,Because I love this,5.0,0.6369,0.15698
203, Richie.    ,5.0,0.0,0.15698
204,I love this so much,5.0,0.6369,0.15698
205, dude.    ,5.0,0.0,0.21098
206,Did you know that,5.0,0.0,0.21098
207,when this restaurant,5.0,0.0,0.21355999999999997
208,opened  12  years ago,5.0,0.0,0.14986999999999998
209,it won the best restaurant,5.0,0.836,0.14986999999999998
210,in the world the same year?    ,5.0,0.0,0.08617999999999996
211,It's retained three stars    ,5.0,0.0258,0.08617999999999996
212,because we have,5.0,0.0,0.08617999999999996
213,a waiting list that's long.    ,5.0,0.0,0.08617999999999996
214,Five thousand people waiting,5.0,0.0,0.08617999999999996
215,at any given moment long.    ,5.0,0.0,0.002579999999999971
216,Do you see their faces,5.0,0.0,0.002579999999999971
217,when they walk in here?    ,5.0,0.0,-2.8796409701215e-17
218,How stoked they are to see us    ,5.0,0.0,-2.8796409701215e-17
219,and how stoked we have to be,5.0,0.0,-2.8796409701215e-17
220,to serve them?    ,5.0,0.0,-2.8796409701215e-17
221,It takes 200 people,5.0,0.0,-2.8796409701215e-17
222,to keep this place in orbit.    ,5.0,0.0,-2.8796409701215e-17
223,And at any given moment,5.0,0.0,-2.8796409701215e-17
224,one of those people    ,5.0,0.0,-2.8796409701215e-17
225,that is waiting in line,5.0,0.0,-0.00772000000000003
226,gets to eat here.    ,5.0,0.0,-0.00772000000000003
227,They get to spend their time,5.0,0.0,-0.00772000000000003
228,and their money here.    ,5.0,0.0,-0.00772000000000003
229,I'm sorry,5.0,-0.0772,-0.00772000000000003
230, bro,5.0,0.0,0.01959999999999997
231,but we need to have some forks,5.0,0.0,0.01959999999999997
232,without streaks in them.    ,5.0,0.0,0.01959999999999997
233,Every day here,5.0,0.0,0.01959999999999997
234,is the freaking Super Bowl.    ,5.0,0.2732,0.06726999999999997
235,You don't have to drink,5.0,0.0,0.12265999999999999
236,the Kool-Aid,5.0,0.0,0.12265999999999999
237, Richie.    ,5.0,0.0,0.17033
238,I just need you to respect me.,5.0,0.4767,0.17033
239,I need you to respect the staff.    ,5.0,0.4767,0.21800000000000003
240,I need you,5.0,0.0,0.23835
241,to respect the diners.    ,5.0,0.4767,0.29694000000000004
242,And I need you,5.0,0.0,0.35553
243,to respect yourself.    ,5.0,0.4767,0.4032
244,I can do respect.    ,5.0,0.4767,0.4032
245,Lovely. I'll see you inside.    ,5.0,0.5859,0.35553
246,(flame hissing),6.0,0.0,0.0
247,(chopping),6.0,0.0,0.0
248,MANAGER:,6.0,0.0,0.0
249,Tonight's PONs include    ,6.0,0.0,0.0
250,Kimberly Foxx,6.0,0.0,0.0
251,district attorney,6.0,0.0,0.0
252,of the city of Chicago.    ,6.0,0.0,0.02732
253,We have Maurice Cheeks...,6.0,0.0,0.0655
254,-What's a PON?    ,6.0,0.0,0.0655
255,Person of note.    ,6.0,0.0,0.0655
256,MANAGER: ...as well as    ,6.0,0.2732,0.0655
257,comedian and musician,6.0,0.3818,0.0655
258,Bo Burnham.    ,6.0,0.0,0.0655
259,On  29 at 7: 15 ,6.0,0.0,0.0655
260,we have Tim and Jill Perry.    ,6.0,0.0,0.0655
261,They're both,6.0,0.0,0.0905
262,Elmhurst High School teachers.    ,6.0,0.0,0.06318
263,And according,6.0,0.0,0.025000000000000005
264,to Jill's Instagram,6.0,0.0,0.025000000000000005
265,it's always been her dream to,6.0,0.25,0.025000000000000005
266,dine at a three-star restaurant.    ,6.0,0.0,0.025000000000000005
267,And they have been,6.0,0.0,0.025000000000000005
268, quote,6.0,0.0,0.025000000000000005
269,"""Saving up for this.""    ",6.0,0.0,0.025000000000000005
270,I wanna go,6.0,0.0,0.05682
271,above and beyond tonight.    ,6.0,0.0,0.03182
272,Every supplement,6.0,0.0,0.06142000000000001
273,and caviar,6.0,0.0,0.08874000000000001
274, please.    ,6.0,0.3182,0.08874000000000001
275,A tour of the kitchen,6.0,0.0,0.08874000000000001
276,a champagne tour,6.0,0.296,0.08874000000000001
277,in the gallery as well.    ,6.0,0.2732,0.08874000000000001
278,And,6.0,0.0,0.10931000000000002
279, guys,6.0,0.0,0.10931000000000002
280, we're not gonna,6.0,0.0,0.07749000000000002
281,let these people spend a dollar.    ,6.0,0.0,0.07749000000000002
282,Do not drop a check.    ,6.0,0.2057,0.047890000000000016
283,I wanna blow,6.0,0.0,0.020570000000000015
284,their fuckin minds.    ,6.0,0.0,-0.009029999999999982
285,ALL: Chef.    ,6.0,0.0,-0.009029999999999982
286,MANAGER: Last thing,6.0,0.0,-0.009029999999999982
287,still,6.0,0.0,-0.009029999999999982
288, no one is,6.0,-0.296,-0.07174999999999998
289,owning up to the smudge.    ,6.0,0.0,-0.07174999999999998
290,I wanna clarify that it's not,6.0,0.0,-0.07174999999999998
291,so much the smudge,6.0,0.0,-0.07174999999999998
292,but rather the fact that no one    ,6.0,-0.4215,-0.08705999999999998
293,is taking responsibility,6.0,0.0,-0.08705999999999998
294,for the smudge.    ,6.0,0.0,-0.057459999999999976
295,We're not children.,6.0,0.0,-0.057459999999999976
296,It's okay to make mistakes.    ,6.0,-0.1531,-0.01927999999999998
297,We can smudge things,6.0,0.0,0.03011000000000002
298,but we need to own up to them    ,6.0,0.0,0.07226000000000002
299,with immediacy,6.0,0.0,0.07226000000000002
300,integrity,6.0,0.3818,0.07226000000000002
301, and honesty.    ,6.0,0.4939,0.07226000000000002
302,Does anyone wanna talk,6.0,0.0,0.08757000000000001
303,any more about the smudge?    ,6.0,0.0,0.08757000000000001
304,Couple menu updates.    ,6.0,0.0,0.08757000000000001
305,Uh,6.0,0.0,0.08757000000000001
306, per Chef Terry    ,6.0,0.0,0.04939000000000002
307,the duck roulade,6.0,0.0,1.6653345369377347e-17
308,will now be served    ,6.0,0.0,1.6653345369377347e-17
309,with a,6.0,0.0,1.6653345369377347e-17
310, uh,6.0,0.0,1.6653345369377347e-17
311,Concord grape reduction    ,6.0,0.0,1.6653345369377347e-17
312,instead of the cherry.    ,6.0,0.0,1.6653345369377347e-17
313,We're gonna be adding,6.0,0.0,0.029600000000000015
314,a dish to the menu.    ,6.0,0.0,0.029600000000000015
315,That's gonna be the six-course,6.0,0.0,0.029600000000000015
316,a Dungeness crab,6.0,0.0,-0.006519999999999987
317,with grapefruit and champagne.    ,6.0,0.296,-0.006519999999999987
318,Did you talk about the smudge?,6.0,0.0,-0.006519999999999987
319,Only A lot.,6.0,0.0,-0.006519999999999987
320,I know this sounds ridiculous.    ,6.0,-0.3612,-0.006519999999999987
321,I am aware that I've had to say,6.0,0.0,-0.006519999999999987
322,"the word f*cking ""smudge""    ",6.0,0.0,-0.006519999999999987
323,20 times,6.0,0.0,-0.036119999999999985
324,in the last two days,6.0,0.0,-0.036119999999999985
325,but we had to reset,6.0,0.0,-0.10208999999999997
326,the plate with the smudge    ,6.0,0.0,-0.06596999999999997
327,because the persimmon glaze,6.0,0.0,-0.06596999999999997
328,was smudged,6.0,0.0,-0.06596999999999997
329,which fucked the set because,6.0,-0.6597,-0.06596999999999997
330,we had to take it to a four-top,6.0,0.0,-0.06596999999999997
331,which meant we have to match,6.0,0.0,-0.06596999999999997
332,the other three plates    ,6.0,0.0,-0.06596999999999997
333,to the smudge plate,6.0,0.0,-0.06596999999999997
334,which cost us 45 seconds.    ,6.0,0.0,-0.06596999999999997
335,Forty-seven seconds.,6.0,0.0,2.2204460492503132e-17
336,Forty-seven seconds.,6.0,0.0,-0.03181999999999997
337,Now,6.0,0.0,0.012220000000000026
338, if you cost us,6.0,0.0,-0.01959999999999997
339,that kind of time,6.0,0.0,-0.029869999999999973
340,you sure as shit,6.0,-0.3182,-0.029869999999999973
341,better own up to it,6.0,0.4404,-0.08409999999999998
342,because we sure as shit,6.0,-0.3182,-0.08409999999999998
343,are gonna pay for it.    ,6.0,-0.1027,-0.04390999999999998
344,Now get back to work!    ,6.0,0.0,-0.09813999999999998
345,fuck you,6.0,-0.5423,-0.15236999999999998
346, Garrett!    ,6.0,0.0,-0.08035999999999999
347,Yes,6.0,0.4019,-0.12439999999999998
348, Chef. fuck me.    ,6.0,-0.5423,-0.14680999999999997
349,(cell phone ringing)    ,7.0,0.0,0.0
350,Hey.    ,7.0,0.0,0.04404
351,Hi. Hey. How are you?    ,7.0,0.0,0.10653000000000001
352,RICHIE: I'm,7.0,0.0,0.10653000000000001
353, uh,7.0,0.0,0.10653000000000001
354, I'm good.    ,7.0,0.4404,0.12916
355,I'm great,7.0,0.6249,0.09956000000000001
356, you know.    ,7.0,0.0,0.16205
357,What's going on?,7.0,0.0,0.22795
358,Is Eva okay?    ,7.0,0.2263,0.25755
359,No,7.0,-0.296,0.25755
360, she's great.,7.0,0.6249,0.21351
361,She's totally great. Um,7.0,0.659,0.15102
362, yeah.    ,7.0,0.296,0.15102
363,Oh,7.0,0.0,0.17124999999999999
364, yo,7.0,0.0,0.14862
365, uh,7.0,0.0,0.20781999999999998
366, Jimmy... Um...    ,7.0,0.0,0.14533
367,I got those Taylor Swift tix.    ,7.0,0.2023,0.07942999999999997
368,-TIFF: You did?!,7.0,0.0,0.09777999999999998
369,Yeah.,7.0,0.296,0.09777999999999998
370,That's ama...,7.0,0.0,0.09777999999999998
371,Oh,7.0,0.0,0.09777999999999998
372, she's gonna be so excited.    ,7.0,0.4795,0.09777999999999998
373,RICHIE: I know,7.0,0.0,0.07754999999999998
374, right?,7.0,0.0,0.07754999999999998
375,-That's incredible.    ,7.0,0.0,0.04794999999999998
376,RICHIE: Actually I got three,7.0,0.0,0.018349999999999977
377,if you wanna come,7.0,0.0,-0.01125000000000002
378, you know.    ,7.0,0.0,-0.08880000000000002
379,You don't have to.    ,7.0,0.0,-0.037850000000000016
380,No,7.0,-0.296,0.013099999999999978
381, no,7.0,-0.296,0.013099999999999978
382, no. It's n... I-I...    ,7.0,-0.296,0.013099999999999978
383,That's so sweet.,7.0,0.5095,0.013099999999999978
384,That's so sweet.    ,7.0,0.5095,0.013099999999999978
385,Um,7.0,0.0,0.013099999999999978
386, I... I just,7.0,0.0,0.042699999999999974
387, uh...    ,7.0,0.0,0.07229999999999998
388,I know you're really busy,7.0,0.0,0.10189999999999996
389,so I wanted to just,7.0,0.0,0.04780999999999998
390,tell you something,7.0,0.0,0.01948999999999998
391,um,7.0,0.0,0.04448999999999998
392, and it's,7.0,0.0,0.06471999999999997
393,a little bit hard to say.    ,7.0,-0.0314,0.09431999999999999
394,Okay.    ,7.0,0.2263,0.11454999999999997
395,Are you alright?    ,7.0,0.25,0.12226999999999996
396,TIFF: I'm fine.,7.0,0.2023,0.12226999999999996
397,Yeah,7.0,0.296,0.12226999999999996
398, I'm fine. Uh...    ,7.0,0.2023,0.12226999999999996
399,I just want you,7.0,0.0772,0.12540999999999997
400,to hear it from me.    ,7.0,0.0,0.10277999999999998
401,Um...    ,7.0,0.0,0.07777999999999999
402,Uh...    ,7.0,0.0,0.057549999999999976
403,RICHIE:,7.0,0.0,0.027949999999999982
404,What do you mean?,7.0,0.0,0.0077199999999999795
405,Hear what?    ,7.0,0.0,-2.0816681711721685e-17
406,Um...    ,7.0,0.0,0.040189999999999976
407,Frank proposed to me.    ,7.0,0.0,0.10919999999999999
408,(scoffs)    ,7.0,0.0,0.17168999999999998
409,What did you say?    ,7.0,0.0,0.17168999999999998
410,I said yes.    ,7.0,0.4019,0.20781
411,He's like a really good guy.    ,7.0,0.6901,0.20781
412,That's great,7.0,0.6249,0.21553
413, Tiff.    ,7.0,0.0,0.21553
414,TIFF: Thank you.    ,7.0,0.3612,0.21553
415,And,7.0,0.0,0.27802
416, and I want you to know    ,7.0,0.0772,0.23782999999999999
417,that nothing's gonna,7.0,0.0,0.16881999999999997
418,change between us.    ,7.0,0.0,0.10632999999999997
419,That's awesome.    ,7.0,0.6249,0.10632999999999997
420,TIFF:,7.0,0.0,0.13389999999999996
421,You know. And...    ,7.0,0.0,0.19759
422,Um...    ,7.0,0.0,0.18986999999999998
423,I... Um...    ,7.0,0.0,0.18986999999999998
424,And I love you. (sighs)    ,7.0,0.6369,0.25355999999999995
425,I love you.    ,7.0,0.6369,0.25476
426,(train rumbling)    ,7.0,0.0,0.25476
427,MANAGER:,8.0,0.0,-0.13957999999999998
428,Hi,8.0,0.0,-0.07386
429, I'm sorry to interrupt.    ,8.0,-0.4019,-0.07386
430,I just wanted to let you know,8.0,0.0,-0.03366999999999999
431,no check tonight.    ,8.0,-0.296,-0.03366999999999999
432,Thank you so much,8.0,0.3612,-0.03366999999999999
433,for dining with us.    ,8.0,0.0,-0.008669999999999994
434,WOMAN:,8.0,0.0,-0.008669999999999994
435,Oh,8.0,0.0,0.023800000000000005
436, my gosh.    ,8.0,0.0,0.016080000000000004
437,MANAGER: Alright.    ,8.0,0.25,0.045680000000000005
438,(man gasps)    ,8.0,0.0,0.03456
439,MAN: Is he serious?    ,8.0,-0.0772,0.03456
440,(alarm beeping,9.0,0.0,-0.11839999999999999
441, stop    ,9.0,-0.296,-0.08879999999999999
442,(sighs)    ,9.0,0.0,-0.08879999999999999
443,You're trailing today.,10.0,0.0,-0.11839999999999999
444,Get changed.    ,10.0,0.0,-0.07436
445,No more forks?    ,10.0,-0.296,-0.01501
446,No more forks.    ,10.0,-0.296,0.04418999999999999
447,(claps)    ,10.0,0.0,0.04418999999999999
448,You look good.    ,10.0,0.4404,0.04418999999999999
449,Feels kinda like armor.    ,10.0,0.2975,0.04418999999999999
450,Yeah,10.0,0.296,0.04418999999999999
451, man,10.0,0.0,0.07379
452, that's the point.    ,10.0,0.0,0.10339000000000001
453,"Start with tables 10,20,30,40",10.0,0.0,0.10339000000000001
454, so forth.    ,10.0,0.0,0.11041000000000001
455,Stagger the reservations,10.0,0.0,0.08066000000000001
456,by 15 minutes    ,10.0,0.0,0.051060000000000015
457,so we do not stack the kitchen.    ,10.0,0.0,0.051060000000000015
458,Start with the two tops,10.0,0.5106,0.051060000000000015
459,move to the four,10.0,0.0,0.051060000000000015
460, so forth.    ,10.0,0.0,0.051060000000000015
461,All the servers,10.0,0.0,0.051060000000000015
462,take temperatures of the room.    ,10.0,0.0,0.051060000000000015
463,They communicate.    ,10.0,0.0,0.051060000000000015
464,How do they do that,10.0,0.0,1.1102230246251566e-17
465,if they can't speak?    ,10.0,0.0,1.1102230246251566e-17
466,This is our Hamachi.    ,10.0,0.0,1.1102230246251566e-17
467,You can see that it's frozen    ,10.0,0.0,-0.05858999999999999
468,in liquid nitrogen and curled,10.0,0.0,-0.05858999999999999
469,served on our basil gel.    ,10.0,0.0,-0.05858999999999999
470,Nineteen are,10.0,0.0,-0.05858999999999999
471,a bunch of assholes.    ,10.0,-0.5859,-0.05858999999999999
472,Bogeys on   19.,10.0,0.0,-0.05858999999999999
473,Walk everything fast.    ,10.0,0.0,-0.05858999999999999
474,ALL: Chef.    ,10.0,0.0,-0.05858999999999999
475,Chef,10.0,0.0,-0.08590999999999999
476, what do all these,10.0,0.0,-0.08590999999999999
477,different colors mean?    ,10.0,0.0,0.03434000000000002
478,JESSICA:,10.0,0.0,0.03434000000000002
479,Orange is a dietary restriction.    ,10.0,-0.2732,0.03434000000000002
480,Yellow is outta town.,10.0,0.0,0.07649000000000003
481,Green is a VIP.    ,10.0,0.6166,0.07649000000000003
482,And blue means kitchen tour.    ,10.0,0.0,0.11864000000000004
483,And what about those notes?    ,10.0,0.0,0.15883000000000003
484,Table 15 likes to eat faster,10.0,0.4215,0.15883000000000003
485,so we speed up their tickets.    ,10.0,0.0,0.15860000000000002
486,Twenty-three likes it slower,10.0,0.4215,0.15860000000000002
487,so we add an extra amuse,10.0,0.4019,0.09694000000000003
488,not to back up the kitchen.    ,10.0,0.0,0.09694000000000003
489,Twenty-two doesn't like,10.0,-0.2755,0.09694000000000003
490,people to speak to them.    ,10.0,0.0,0.054790000000000026
491,How do you know all that?,10.0,0.0,0.054790000000000026
492,know what?,10.0,0.0,0.01264000000000003
493,About the people eating?    ,10.0,0.0,0.0020500000000000297
494,We have,10.0,0.0,0.0020500000000000297
495,a designated staff member    ,10.0,0.0,0.029600000000000033
496,that researches each guest.    ,10.0,0.0,0.029600000000000033
497,Yeah. Wiretap those motherfuckers,10.0,0.296,0.006970000000000032
498,-What's that ticking?,10.0,0.0,0.006970000000000032
499,Waitlist.,10.0,0.0,0.006970000000000032
500,The minute somebody,10.0,0.0,0.006970000000000032
501,no-shows or cancels,10.0,-0.2263,0.006970000000000032
502,we pull somebody up.    ,10.0,0.0,0.029600000000000033
503,How do they get here that fast?    ,10.0,0.0,-0.07183999999999997
504,Oh,10.0,0.0,-0.07183999999999997
505, we'll send a car.    ,10.0,0.0,-0.07183999999999997
506,Gangster. Okay.    ,10.0,0.2263,-0.07183999999999997
507,This shit is crazy.,10.0,-0.7184,-0.10343999999999998
508,How do you do this all day?    ,10.0,0.0,-0.10343999999999998
509,I need you to stand,10.0,0.0,-0.10343999999999998
510,in that corner    ,10.0,0.0,-0.10343999999999998
511,and get the fuck out of my way,10.0,-0.5423,-0.10343999999999998
512,for one minute.    ,10.0,0.0,-0.12606999999999996
513,Five,10.0,0.0,-0.054229999999999966
514, distillation.    ,10.0,0.0,-0.054229999999999966
515,Eyes on four.    ,10.0,0.0,-0.01403999999999997
516,Twenty-four walking in five.,10.0,0.0,-0.01403999999999997
517,all: Chef.,10.0,0.0,0.07201000000000005
518,Two,10.0,0.0,0.10813000000000003
519, tasting amuse on deck,10.0,0.4019,0.10813000000000003
520,get them out fast,10.0,0.0,0.10813000000000003
521,please,10.0,0.3182,0.10813000000000003
522, thank you.    ,10.0,0.3612,0.10813000000000003
523,Twelve,10.0,0.0,0.10813000000000003
524, walking out.,10.0,0.0,0.10813000000000003
525,Let's pick it up.    ,10.0,0.0,0.06794000000000004
526,Every second counts.,10.0,0.0,0.09976000000000004
527,all: Chef.,10.0,0.0,0.06794000000000004
528,Three going to 21.    ,10.0,0.0,0.03182000000000004
529,Pick up two Hamachi,10.0,0.0,0.03182000000000004
530, please.,10.0,0.3182,0.03182000000000004
531,all: Chef.,10.0,0.0,0.06364000000000004
532,JESSICA:,10.0,0.0,0.06364000000000004
533,Eight walking in five.    ,10.0,0.0,0.06364000000000004
534,Triple-check five,10.0,0.0,0.06364000000000004
535, please.    ,10.0,0.3182,0.06364000000000004
536,White chocolate allergy.,10.0,0.0,0.03182000000000004
537,all: Chef.,10.0,0.0,0.03182000000000004
538,Every night you make,10.0,0.0,0.03182000000000004
539,somebody's day.,10.0,0.0,0.03182000000000004
540,Huh?,10.0,0.0,0.09297000000000004
541,You asked me how I can do this,10.0,0.0,0.09727000000000005
542,and that's how I can do this.    ,10.0,0.0,0.09727000000000005
543,I think I see the pattern.    ,10.0,0.0,0.09727000000000005
544,I'm very happy to hear that.    ,10.0,0.6115,0.09727000000000005
545,Thank you.    ,10.0,0.3612,0.09727000000000005
546,Three going to 21.,10.0,0.0,0.09727000000000005
547,all: Chef.,10.0,0.0,0.12909000000000004
548,Uh,10.0,0.0,0.12909000000000004
549, One minute.,10.0,0.0,0.12909000000000004
550,Table desserts,10.0,0.0,0.06794000000000003
551, please.    ,10.0,0.3182,0.03182000000000003
552,Nineteen,10.0,0.0,0.03182000000000003
553, go. Twenty,10.0,0.0,0.03182000000000003
554, go.    ,10.0,0.0,0.06794000000000003
555,Hold 18.,10.0,0.0,0.06794000000000003
556,all: Hold 18,10.0,0.0,0.06794000000000003
557, Chef.    ,10.0,0.0,0.036120000000000034
558,Thank you.,10.0,0.3612,0.036120000000000034
559,We have a birthday on 24.,10.0,0.0,0.06794000000000003
560,Pick up a cake,10.0,0.0,-0.0011399999999999633
561, candle,10.0,0.0,-0.0011399999999999633
562,and two balloons,10.0,0.0,-0.0011399999999999633
563, please.    ,10.0,0.3182,-0.0011399999999999633
564,kill 31.,10.0,-0.6908,-0.005439999999999967
565,Thirty-three,10.0,0.0,-0.005439999999999967
566, go.    ,10.0,0.0,-0.005439999999999967
567,Pick up Wagyu,10.0,0.0,-0.005439999999999967
568, please.    ,10.0,0.3182,-0.005439999999999967
569,And 19 walking in four.,10.0,0.0,-0.005439999999999967
570,all: Chef.,10.0,0.0,0.06364000000000003
571,Three-oh-five,10.0,0.0,0.06364000000000003
572, hands,10.0,0.0,0.06364000000000003
573, please.    ,10.0,0.3182,0.09546000000000003
574,My hands,10.0,0.0,0.06364000000000003
575, Chef?    ,10.0,0.0,0.10383000000000002
576,Garrett's hands,10.0,0.0,0.10383000000000002
577, please.    ,10.0,0.3182,0.10383000000000002
578,Follow Garrett.,10.0,0.0,0.10383000000000002
579,Yes,10.0,0.4019,0.07201000000000002
580, Chef.    ,10.0,0.0,0.07201000000000002
581,Corner.    ,10.0,0.0,0.07201000000000002
582,(indistinct conversations)    ,10.0,0.0,0.1306
583,Oh.    ,10.0,0.0,0.12378
584,(gasps)    ,10.0,0.0,0.12378
585,WOMAN: Oh,10.0,0.0,0.08359000000000001
586, wow.,10.0,0.5859,0.08359000000000001
587,GARRETT: Alright.,10.0,0.25,0.08359000000000001
588,(WOMAN chuckles),10.0,0.0,0.08359000000000001
589,We have the hibiscus tea,10.0,0.0,0.08359000000000001
590,surrounded by a series,10.0,0.0,0.14353000000000002
591,of small bites.    ,10.0,0.0,0.14353000000000002
592,And to finish it off,10.0,0.0,0.08494000000000003
593,the hibiscus cloud.    ,10.0,0.0,0.10582000000000003
594,Beautiful.,10.0,0.5994,0.10582000000000003
595,GARRETT: Hmm.,10.0,0.0,0.16441000000000003
596,How do we eat it?    ,10.0,0.0,0.16441000000000003
597,That's my favorite part.    ,10.0,0.4588,0.21547000000000005
598,(women gasp),10.0,0.0,0.16124000000000005
599,WOMAN: Wow.,10.0,0.5859,0.16124000000000005
600,WOMAN  : Oh,10.0,0.0,0.10130000000000003
601,WOMAN  : Fun.,10.0,0.5106,0.10130000000000003
602,fuck me.,10.0,-0.5423,0.15069000000000005
603,Language.,10.0,0.0,0.14093000000000006
604,Took the words,10.0,0.0,0.14093000000000006
605,right outta my mouth.    ,10.0,0.0,0.08234000000000005
606,Enjoy.    ,10.0,0.4939,0.08234000000000005
607,WOMAN 1: Thank you.    ,10.0,0.3612,0.031280000000000044
608,WOMAN 2: Oh,10.0,0.0,0.08551000000000004
609, my gosh.,10.0,0.0,0.08551000000000004
610,Do we just dive in?    ,10.0,0.0,0.08551000000000004
611,WOMAN 1:,10.0,0.0,0.08551000000000004
612,Chef Terry's done it again.    ,10.0,0.0,0.03612000000000004
613,-Chef!,11.0,0.0,0.08808
614,Relax.,11.0,0.4404,0.08808
615,Chef.,11.0,0.0,0.08808
616,Go.,11.0,0.0,0.08808
617,RICHIE: Guest on nine.    ,11.0,0.0,0.04404
618,Emily overheard her,11.0,0.0,0.025270000000000004
619,tell her family    ,11.0,0.0,0.025270000000000004
620,that she was bummed,11.0,0.0,0.017350000000000004
621,that she was leaving Chicago    ,11.0,0.0,0.017350000000000004
622,without getting a chance,11.0,-0.1877,0.017350000000000004
623,to try deep dish.    ,11.0,0.0,0.04467
624,Got it. Thank you.    ,11.0,0.3612,0.04467
625,Slow down,11.0,0.0,0.07199
626, eight and nine.    ,11.0,0.0,0.07199
627,Surprise on nine.    ,11.0,0.2732,0.07199
628,all: Chef.,11.0,0.0,0.09076
629,-What's the surprise?    ,11.0,0.2732,0.09076
630,Take a wild guess.    ,11.0,0.0,0.05464
631,You're gonna make 'em,11.0,0.0,0.05464
632,a deep dish.    ,11.0,0.0,0.05464
633,Nope.    ,11.0,0.0,0.02732
634,-What's up,11.0,0.0,0.02732
635, dude?,11.0,0.0,0.0
636,Pick up for Richard.,11.0,0.0,0.0
637,Corner.    ,11.0,0.0,0.0
638,Corner. Behind.    ,11.0,0.0,0.0
639,Behind,11.0,0.0,0.0
640, Oliver. Behind.    ,11.0,0.0,0.0
641,Corner.    ,11.0,0.0,-0.029599999999999998
642,Chef.    ,11.0,0.0,-0.029599999999999998
643,JESSICA:,11.0,0.0,-0.029599999999999998
644,Walk four Wagyu to 21.    ,11.0,0.0,-0.029599999999999998
645,P2 is no dairy.,11.0,-0.296,-0.029599999999999998
646,all: Chef.,11.0,0.0,-0.029599999999999998
647,JESSICA:,11.0,0.0,-0.029599999999999998
648,Pick up canape for two.    ,11.0,0.0,-0.029599999999999998
649,Behind these two canape,11.0,0.0,-0.029599999999999998
650,go right into four more canape.    ,11.0,0.0,-0.029599999999999998
651,That's six,11.0,0.0,0.03182
652,you're going on two by four.    ,11.0,0.0,-0.002180000000000004
653,all: Chef.,11.0,0.0,-0.002180000000000004
654,Faster,11.0,0.0,-0.002180000000000004
655, please.    ,11.0,0.3182,-0.036180000000000004
656,Fire six rabbit.,11.0,-0.34,-0.036180000000000004
657,all: Chef.,11.0,0.0,-0.036180000000000004
658,JESSICA:,11.0,0.0,-0.036180000000000004
659,Fire four Hamachi.,11.0,-0.34,-0.036180000000000004
660,One is nondairy.    ,11.0,0.0,0.004009999999999991
661,I'm looking for a back on 42.,11.0,0.0,-0.02781000000000001
662,all: Chef.,11.0,0.0,0.006189999999999996
663,By round.,11.0,0.0,0.006189999999999996
664,Yes,11.0,0.4019,0.006189999999999996
665, sir.    ,11.0,0.0,0.04019
666,JESSICA:,11.0,0.0,0.04019
667,Twelve,11.0,0.0,0.07200999999999999
668, walking out.    ,11.0,0.0,0.07200999999999999
669,Three going to 21.    ,11.0,0.0,0.0029299999999999994
670,Pick up two Hamachi,11.0,0.0,-0.03726
671, please.    ,11.0,0.3182,-0.03726
672,CHEF: Basil gel.,11.0,0.0,0.0029299999999999994
673,JESSICA: kill 31.   ,11.0,-0.6908,0.0029299999999999994
674,33 go.    ,11.0,0.0,0.0029299999999999994
675,CHEF: Tweezers.,11.0,0.0,0.04312
676,MANAGER: Yes,11.0,0.4019,0.04312
677, Chef.    ,11.0,0.0,-0.04293000000000001
678,Micro basil.,11.0,0.0,0.0028099999999999905
679,Yes,11.0,0.4019,0.07188999999999998
680, Chef.    ,11.0,0.0,0.07188999999999998
681,Micro basil. fuck,11.0,-0.5423,0.07188999999999998
682, yes!,11.0,0.4574,0.06352
683,Language.,11.0,0.0,0.06352
684,JESSICA:,11.0,0.0,0.06352
685,Pick up Wagyu,11.0,0.0,0.02332999999999999
686, please.    ,11.0,0.3182,0.02332999999999999
687,Three going to 21.    ,11.0,0.0,0.07755999999999999
688,Send it.    ,11.0,0.0,0.03181999999999999
689,Chef,11.0,0.0,0.03181999999999999
690, can I,11.0,0.0,0.06793999999999999
691,b-bring it to the table?    ,11.0,0.0,0.06793999999999999
692,Go get 'em,11.0,0.0,0.03611999999999999
693, Richie.    ,11.0,0.0,0.03611999999999999
694,Thank you,11.0,0.3612,0.03611999999999999
695, Chef.    ,11.0,0.0,0.09185999999999998
696,Walking add-on on table nine.    ,11.0,0.0,0.09185999999999998
697,ALL: Chef.    ,11.0,0.0,0.09957999999999999
698,(indistinct conversation)    ,11.0,0.0,0.09957999999999999
699,Alright. Look alive,11.0,0.5574,0.09957999999999999
700, team.    ,11.0,0.0,0.06345999999999999
701,(patron clears throat),11.0,0.0772,0.06345999999999999
702,Almost there.,11.0,0.0,0.06345999999999999
703,Just another seven courses.,11.0,0.0,0.06345999999999999
704,(laughter),11.0,0.0,0.09957999999999997
705,I know you guys,11.0,0.0,0.043839999999999976
706,have probably waited,11.0,0.0,0.043839999999999976
707,a very long time to be here.    ,11.0,0.0,0.03611999999999998
708,Thank you.    ,11.0,0.3612,0.10444999999999997
709,Uh,11.0,0.0,0.09928999999999998
710, but I couldn't,11.0,0.0,0.09928999999999998
711,live with myself    ,11.0,0.0,0.14516999999999997
712,if I let this beautiful family,11.0,0.6833,0.14516999999999997
713,leave Chicago    ,11.0,-0.0516,0.10921999999999998
714,without sampling one,11.0,0.0,0.07309999999999998
715,of my personal favorite dishes.    ,11.0,0.4588,0.07309999999999998
716,Pequod's deep dish.    ,11.0,0.0,0.07309999999999998
717,WOMAN: No. Oh!    ,11.0,-0.3595,0.07309999999999998
718,You did not,11.0,0.0,0.004769999999999985
719,hear me say that. (gasps)    ,11.0,0.0,0.037249999999999985
720,Mangia,11.0,0.0,0.09443999999999998
721, baby.    ,11.0,0.0,0.018959999999999987
722,Oh,11.0,0.0,-0.01064000000000001
723, my God.,11.0,0.2732,0.08249999999999999
724,You all are wonderful.    ,11.0,0.5719,0.12654
725,No,11.0,-0.296,0.12654
726, stop it.,11.0,-0.296,0.12654
727,You're wonderful.    ,11.0,0.5719,0.12654
728,you guys good on drinks?,11.0,0.4404,0.13426
729,-WOMAN: I can't believe this.    ,11.0,0.0,0.10694
730,That old fashioned's,11.0,0.0,0.049749999999999996
731,not gonna drink itself.    ,11.0,0.0,0.07934999999999999
732,You guys want some,11.0,0.0772,0.10894999999999999
733,Bacardi and Diet?    ,11.0,0.0,0.10114999999999999
734,Little B&D,11.0,0.0,0.05710999999999998
735,should I send some over?    ,11.0,0.0,0.05710999999999998
736,(all laughing),11.0,0.0,0.10114999999999999
737,Enjoy,11.0,0.4939,0.10114999999999999
738, guys.    ,11.0,0.0,0.09342999999999999
739,What a service.    ,11.0,0.0,0.09342999999999999
740,It's way better than New York.,11.0,0.4404,0.09342999999999999
741,Right?    ,11.0,0.0,0.09342999999999999
742,-WOMAN:,11.0,0.0,0.09342999999999999
743,Don't you say that to my mom.,11.0,0.0,0.04403999999999998
744,MAN: Hey,11.0,0.0,0.04403999999999998
745, hey.    ,11.0,0.0,0.04403999999999998
746,-WOMAN:,11.0,0.0,-2.2204460492503132e-17
747,Don't you say that to my mom.,11.0,0.0,-2.2204460492503132e-17
748,-MAN: I'm just saying.    ,11.0,0.0,-2.2204460492503132e-17
749,(indistinct chatter)    ,11.0,0.0,-2.2204460492503132e-17
750,WOMAN:,11.0,0.0,-2.2204460492503132e-17
751,I think it's magic pizza.    ,11.0,0.0,-2.2204460492503132e-17
752,Go.    ,12.0,0.0,0.0
753,Four seconds.    ,12.0,0.0,0.0
754,Three seconds.    ,12.0,0.0,0.0
755,Uh,12.0,0.0,0.0
756, apple cider gastrique.    ,12.0,0.0,0.025
757,Apple cider gastrique!    ,12.0,0.0,0.025
758,That's my freakin' boy,12.0,0.0,0.025
759,right there!    ,12.0,0.0,0.025
760,Alright,12.0,0.25,0.025
761, let's go.,12.0,0.0,0.025
762,(GARRETT grunts),12.0,0.0,0.025
763,another one.,12.0,0.0,0.025
764,Go.,12.0,0.0,-0.004599999999999998
765,Oh,12.0,0.0,-0.004599999999999998
766, come on.,12.0,0.0,-0.029599999999999998
767,That's Bercy.    ,12.0,0.0,-0.029599999999999998
768,W-wait. Wait. No.    ,12.0,-0.296,0.0
769,Veloute derivative.    ,12.0,0.0,0.03182
770,-That's an Allemande.,12.0,0.0,0.03182
771,Ooh,12.0,0.0,0.03182
772, yeah,12.0,0.296,0.03182
773, it sure is.    ,12.0,0.3182,0.03182
774,Oh! Oh! Hadouken!    ,12.0,0.0,0.061419999999999995
775,MANAGER: Uh,12.0,0.0,0.10161
776, what year,12.0,0.0,0.10161
777,did the restaurant open?    ,12.0,0.0,0.10161
778,2012,12.0,0.0,0.11019000000000001
779,Yes.,12.0,0.4019,0.07837000000000001
780,And what year,12.0,0.0,0.07837000000000001
781,did we get our third star?    ,12.0,0.0,0.07837000000000001
782,2012. Trick question. Nice try.,12.0,0.3818,0.07837000000000001
783,JESSICA: Correct.,12.0,0.0,0.07837000000000001
784,And lastly,12.0,0.0,0.07837000000000001
785, what were,12.0,0.0,0.038180000000000006
786,tonight's specials?    ,12.0,0.0,0.038180000000000006
787,We don't have specials.    ,12.0,0.0,-0.02029999999999999
788,We do however have supplements,12.0,0.0,-0.05847999999999999
789,including tonight's,12.0,0.0,-0.05847999999999999
790,caviar pairing.    ,12.0,0.0,-0.05847999999999999
791,Up your ass!    ,12.0,-0.5848,-0.05847999999999999
792,(laughter,12.0,0.0,-0.05847999999999999
793, applause)    ,12.0,0.0,-0.009089999999999987
794,Whoo!    ,12.0,0.0,-0.009089999999999987
795,(indistinct chatter)    ,12.0,0.0,-0.009089999999999987
796,Romeo,12.0,0.0,0.03110000000000001
797, save me,12.0,0.4939,0.08958000000000002
798,they're tryin' to tell me    ,12.0,0.0,0.08958000000000002
799,How to feel    ,12.0,0.0,0.08958000000000002
800,This love is difficult,12.0,0.4019,0.08958000000000002
801,but it's real    ,12.0,0.0,0.046010000000000016
802,fucking go.,12.0,0.0,0.10970000000000002
803,fucking drive!    ,12.0,0.0,0.060310000000000016
804,We'll make it,12.0,0.0,0.060310000000000016
805,out of this mess    ,12.0,-0.4357,0.060310000000000016
806,It's a love story    ,12.0,0.6369,0.056240000000000026
807,Baby,12.0,0.0,0.002010000000000023
808, just say,12.0,0.0,0.002010000000000023
809," ""Yes""    ",12.0,0.0,0.002010000000000023
810,(mouths) Thank you.    ,12.0,0.3612,0.002010000000000023
811,fuck.    ,12.0,-0.5423,0.04558000000000002
812,Oh,12.0,0.0,-0.01810999999999998
813, oh    ,12.0,0.0,-0.04310999999999998
814,Marry me,12.0,0.0,0.020580000000000022
815, Juliet    ,12.0,0.0,0.020580000000000022
816,You'll never,12.0,0.0,-0.015539999999999981
817,have to be alone    ,12.0,-0.25,0.038690000000000016
818,I love you,12.0,0.6369,0.10238000000000003
819,and that's all I really know    ,12.0,0.0,0.10238000000000003
820,I talked to your dad,12.0,0.0,0.10238000000000003
821,go pick out a white dress    ,12.0,0.0,0.10238000000000003
822,It's a love story    ,12.0,0.6369,0.10238000000000003
823,Baby,12.0,0.0,0.12738000000000002
824, just say,12.0,0.0,0.06369000000000002
825," ""Yes""    ",12.0,0.0,0.06369000000000002
826,Oh,12.0,0.0,0.06369000000000002
827, oh,12.0,0.0,0.06369000000000002
828, oh    ,12.0,0.0,2.2204460492503132e-17
829,Oh,12.0,0.0,2.2204460492503132e-17
830, oh,12.0,0.0,2.2204460492503132e-17
831, oh-oh    ,12.0,0.0,2.2204460492503132e-17
832,Cause we were both young,12.0,0.0,2.2204460492503132e-17
833,when I first saw you    ,12.0,0.0,2.2204460492503132e-17
834,(alarm beeps,13.0,0.0,0.0
835, stops)    ,13.0,0.0,0.0
836,RICHIE:,13.0,0.0,0.0
837,Yo,13.0,0.0,0.0
838, let me ask you,13.0,0.0,0.0
839,am I the oldest stage    ,13.0,0.0,0.0
840,that's ever staged here?    ,13.0,0.0,0.0
841,GARRETT:,13.0,0.0,-0.04939
842,I don't know,13.0,0.0,-0.04939
843, dude. Probably.    ,13.0,0.0,-0.10362
844,How old are you?,13.0,0.0,-0.10362
845,-That's an HR violation.    ,13.0,-0.4939,-0.10362
846,-You're not supposed to ask--,13.0,0.0,-0.10362
847,fuck off,13.0,-0.5423,-0.10362
848, Garrett.    ,13.0,0.0,-0.10362
849,How old are you?,13.0,0.0,-0.0675
850,-I'm   ,13.0,0.0,-0.0675
851, dude.    ,13.0,0.0,0.01800999999999999
852,Thirty.,13.0,0.0,0.05412999999999999
853,-And you're like a chef?    ,13.0,0.3612,0.10835999999999998
854,what?,13.0,0.0,0.10835999999999998
855,RICHIE: you like to cook?,13.0,0.3612,0.10835999999999998
856,you like,13.0,0.3612,0.07875999999999998
857, uh,13.0,0.0,0.07875999999999998
858, rattle,13.0,0.0,0.04915999999999999
859,the pots and pans?,13.0,0.0,-0.016560000000000012
860,GARRETT: no,13.0,-0.296,-0.04411000000000002
861, I don't like--    ,13.0,0.0,-0.08023000000000002
862,No,13.0,-0.296,-0.11635000000000002
863, no,13.0,-0.296,-0.11635000000000002
864, I don't like to cook.    ,13.0,-0.2755,-0.11635000000000002
865,Then why you work,13.0,0.0,-0.11635000000000002
866,at a restaurant?    ,13.0,0.0,-0.08675000000000002
867,GARRETT:,13.0,0.0,-0.08675000000000002
868,I don't know,13.0,0.0,-0.09734000000000001
869, man,13.0,0.0,-0.06774000000000002
870, because...    ,13.0,0.0,0.003849999999999976
871,A couple of years ago,13.0,0.0,0.003849999999999976
872,I had a drinking problem.    ,13.0,-0.4019,0.06753999999999998
873,And I got sober.    ,13.0,0.0,0.14470999999999998
874,I'm good now,13.0,0.4404,0.14470999999999998
875, you know,13.0,0.0,0.14470999999999998
876,like I feel healthy    ,13.0,0.6369,0.14470999999999998
877,and I'm happy and I'm grateful.    ,13.0,0.7717,0.18083
878,And through that experience,13.0,0.0,0.22102
879,I learned about,13.0,0.0,0.22102
880,acts of service and...    ,13.0,0.0,0.17698
881,I just like being able to serve,13.0,0.3612,0.20657999999999999
882,other people now.    ,13.0,0.0,0.14289
883,You know?    ,13.0,0.0,0.06571999999999997
884,Service.,13.0,0.0,0.06571999999999997
885,GARRETT: Yeah.,13.0,0.296,0.11510999999999998
886,You know,13.0,0.0,0.11510999999999998
887, I used to work,13.0,0.0,0.11510999999999998
888,for this guy who used to say    ,13.0,0.0,0.11510999999999998
889,that taking care of people,13.0,0.4939,0.17634999999999998
890,at the highest level    ,13.0,0.0,0.19898
891,was like working at a hospital.    ,13.0,0.3612,0.16937999999999998
892,You know,13.0,0.0,0.16937999999999998
893,like it was like medi--    ,13.0,0.6124,0.16937999999999998
894,Okay. That's a little much.    ,13.0,0.2263,0.16937999999999998
895,I'm just saying,13.0,0.0,0.11998999999999997
896,I think that's why restaurants    ,13.0,0.0,0.14958999999999997
897,and hospitals use,13.0,0.0,0.043439999999999965
898,the same word,13.0,0.0,0.043439999999999965
899," ""hospitality.""    ",13.0,0.0,0.026239999999999965
900,Yeah,13.0,0.296,0.054669999999999976
901, no shit.    ,13.0,-0.7003,0.054669999999999976
902,Hospitality.    ,13.0,0.0,0.054669999999999976
903,I wanted to say thanks,13.0,0.4404,0.09078999999999997
904,for a fun week,13.0,0.5106,0.09078999999999997
905, man.,13.0,0.0,0.14184999999999998
906,It was dope.    ,13.0,0.0,0.11224999999999999
907,Thank you,13.0,0.3612,0.21187999999999999
908, my man.,13.0,0.0,0.21187999999999999
909,It was fun.    ,13.0,0.5106,0.16784
910,GARRETT:,13.0,0.0,0.11677999999999997
911,Yeah. Um,13.0,0.296,0.11677999999999997
912, you know,13.0,0.0,0.11677999999999997
913,we have a new stage,13.0,0.0,0.08065999999999998
914,coming tomorrow morning,13.0,0.0,0.05853999999999997
915,and,13.0,0.0,0.007479999999999964
916, um,13.0,0.0,-0.046750000000000035
917, I think we're all,13.0,0.0,-0.07635000000000003
918,really gonna miss you here.    ,13.0,-0.2212,-0.07635000000000003
919,Aah.    ,13.0,0.0,-0.07635000000000003
920,fuck,13.0,-0.5423,-0.07635000000000003
921, man.    ,13.0,0.0,-0.07635000000000003
922,I'm just gettin' the hang of it.    ,13.0,0.0,-0.07635000000000003
923,GARRETT:,13.0,0.0,-0.07635000000000003
924,I know,13.0,0.0,-0.05423000000000002
925, I know. I know.    ,13.0,0.0,-0.024630000000000023
926,We have one more,13.0,0.0,-0.010590000000000021
927,shift tomorrow,13.0,0.0,-0.010590000000000021
928, but,13.0,0.0,0.02552999999999998
929, yeah.    ,13.0,0.296,0.02552999999999998
930,Damn.    ,13.0,-0.4019,0.02552999999999998
931,Let me ask you,13.0,0.0,0.02552999999999998
932,like,13.0,0.3612,0.02552999999999998
933, what if,13.0,0.0,0.06164999999999998
934, uh...    ,13.0,0.0,0.06164999999999998
935,I mean,13.0,0.0,0.03204999999999998
936, I don't know,13.0,0.0,0.07223999999999998
937,what the situation is like,13.0,0.3612,0.07223999999999998
938,you know,13.0,0.0,0.03611999999999998
939, but...    ,13.0,0.0,0.09860999999999998
940,if something opens up,13.0,0.0,0.09860999999999998
941,you know...    ,13.0,0.0,0.12360999999999997
942,Richie.    ,13.0,0.0,0.12360999999999997
943,That'd be awesome,13.0,0.6249,0.08748999999999998
944,but you know it's not my call.    ,13.0,0.0,0.08748999999999998
945,Alright.    ,13.0,0.25,0.13152999999999998
946,I mean,13.0,0.0,0.13152999999999998
947,I got another job anyway.    ,13.0,0.0,0.13152999999999998
948,I am needed elsewhere.    ,13.0,0.0,0.17556999999999995
949,Thanks,13.0,0.4404,0.11307999999999996
950, bro.    ,13.0,0.0,0.11307999999999996
951,(sighs)    ,14.0,0.0,0.0
952,(exhales)    ,14.0,0.0,0.0
953,(cell phone ringing)    ,14.0,0.0,0.0
954,Yo,14.0,0.0,0.0
955, cousin,14.0,0.0,0.0
956, what's up?,14.0,0.0,0.0
957,-What's going on?    ,14.0,0.0,0.0
958,CARMY:,14.0,0.0,0.0
959,I'm watching Fak,14.0,0.0,0.029599999999999998
960,do something--    ,14.0,0.0,0.029599999999999998
961,-FAK: I'm recalibrating.,14.0,0.0,0.029599999999999998
962,-I'm watching Fak recalibrate.    ,14.0,0.0,0.029599999999999998
963,Yeah,14.0,0.296,-0.021460000000000007
964, I'm recalibrating.    ,14.0,0.0,-0.05546000000000001
965,We,14.0,0.0,-0.05546000000000001
966, uh,14.0,0.0,-0.05546000000000001
967, we failed,14.0,-0.5106,-0.05546000000000001
968,the fire suppression test.    ,14.0,-0.34,-0.02586000000000001
969,Another one,14.0,0.0,-0.02586000000000001
970, dude?    ,14.0,0.0,-0.02586000000000001
971,CARMY:,14.0,0.0,-0.02586000000000001
972,Yeah,14.0,0.296,-0.08009000000000002
973, yeah,14.0,0.296,-0.08326000000000001
974, another one.    ,14.0,0.0,-0.04926000000000001
975,We have one more shot.    ,14.0,0.0,-0.04926000000000001
976,RICHIE: How bad is it,14.0,-0.5423,-0.13048
977,if we fail that one?    ,14.0,-0.5423,-0.13048
978,It's fuckin' bad--    ,14.0,0.0,-0.13745000000000002
979,(screams) Goddammit.,14.0,0.0,-0.16705000000000003
980,shit! fuck,14.0,-0.8122,-0.12301000000000002
981, man!    ,14.0,0.0,-0.17724
982,FAK: Okay,14.0,0.2263,-0.12301000000000002
983, I'm just--,14.0,0.0,-0.06878000000000002
984,CARMY: Please be careful.,14.0,0.4404,-0.06878000000000002
985,It's bad,14.0,-0.5423,-0.06878000000000002
986, cousin.,14.0,0.0,0.012439999999999984
987,What do you need?    ,14.0,0.0,0.012439999999999984
988,RICHIE: What do I need?    ,14.0,0.0,-0.010190000000000015
989,(scoffs),14.0,0.0,0.02999999999999998
990,I don't need anything.    ,14.0,0.0,0.02614999999999998
991,Just calling,14.0,0.0,0.05077999999999998
992,to tell you I'm done.,14.0,0.0,0.05077999999999998
993,CARMY: Yes,14.0,0.4019,0.05077999999999998
994, yes.    ,14.0,0.4019,0.05077999999999998
995,No,14.0,-0.296,0.05077999999999998
996, that's right.,14.0,0.0,-0.00345000000000002
997,How'd that go?    ,14.0,0.0,0.016779999999999982
998,Bro,14.0,0.0,0.016779999999999982
999, you're going,14.0,0.0,-0.023410000000000018
1000,to fuck yourself.    ,14.0,-0.5423,-0.06360000000000002
1001,RICHIE: It was fine.    ,14.0,0.2023,-0.034000000000000016
1002,(Fak groans)    ,14.0,0.0,-0.034000000000000016
1003,Yo,14.0,0.0,-0.034000000000000016
1004, I know you sent me there,14.0,0.0,-0.034000000000000016
1005,to get rid of me.    ,14.0,0.0,0.006189999999999985
1006,What... To get rid of you?,14.0,0.0,0.06041999999999999
1007,Fak. Fak. Fak!    ,14.0,0.0,0.08037999999999998
1008,I fucking told you.,14.0,0.0,0.04018999999999999
1009,RICHIE: Yes.,14.0,0.4019,0.04018999999999999
1010,-Please!,14.0,0.0,0.04018999999999999
1011,Yes.,14.0,0.4019,0.04018999999999999
1012,I was annoying you and you,14.0,-0.4019,0.06978999999999999
1013,wanted me out of your hair.    ,14.0,0.0,0.06978999999999999
1014,(FAK screams),14.0,0.0,0.04018999999999999
1015,what?,14.0,0.0,-0.029600000000000008
1016,RICHIE: Yeah,14.0,0.296,-0.05920000000000001
1017, you sent me--,14.0,0.0,-0.09939
1018,no,14.0,-0.296,-0.11187
1019, no.    ,14.0,-0.296,-0.14147
1020,RICHIE: no,14.0,-0.296,-0.17107
1021, cousin--,14.0,0.0,-0.17107
1022,No. no,14.0,-0.5267,-0.23027000000000003
1023, no,14.0,-0.296,-0.23027000000000003
1024, no.    ,14.0,-0.296,-0.20067000000000004
1025,-I-I-I sent you there--,14.0,0.0,-0.22956000000000004
1026,RICHIE: no,14.0,-0.296,-0.19996000000000003
1027, cousin.    ,14.0,0.0,-0.16384000000000004
1028,You sent me there    ,14.0,0.0,-0.11117000000000003
1029,to fucking humiliate me,14.0,-0.5849,-0.08157000000000003
1030,you fucking jagoff.    ,14.0,0.0,-0.05197000000000003
1031,Make me look like,14.0,0.3612,-0.10620000000000003
1032,a fucking jagoff.    ,14.0,0.0,-0.15877000000000002
1033,You're the fucking jagoff,14.0,0.0,-0.15877000000000002
1034,Carmen.    ,14.0,0.0,-0.15877000000000002
1035,What the fuck you talkin' about?    ,14.0,-0.5423,-0.14212000000000002
1036,(screaming) fuck! fuck!,14.0,-0.8217,-0.17172000000000004
1037,Yo! Fuckin' Christ!    ,14.0,0.0,-0.24379000000000003
1038,-Fak! Jesus!,14.0,0.0,-0.21419000000000005
1039,-Stop! Stop it!    ,14.0,-0.4184,-0.21419000000000005
1040,CARMY: Just fuckin' stop.,14.0,-0.296,-0.21419000000000005
1041,-FAK: Stop!    ,14.0,-0.3595,-0.15996000000000005
1042,Yeah,14.0,0.296,-0.13046000000000008
1043, I'll talk to you later.,14.0,0.0,-0.18313000000000007
1044,CARMY: Take A break.,14.0,0.0,-0.18313000000000007
1045,FAK: I actually think,14.0,0.0,-0.14129000000000005
1046,I hurt myself.    ,14.0,-0.5267,-0.11169000000000004
1047,(alarm beeping)    ,15.0,0.0,0.0
1048,(water running)    ,15.0,0.0,0.0
1049,Um...    ,15.0,0.0,0.0
1050,(clock ticking)    ,15.0,0.0,0.0
1051,(footsteps approaching)    ,15.0,0.0,0.0
1052,Hey,15.0,0.0,0.0
1053, I'm about,15.0,0.0,0.0
1054,to go over staff reviews.    ,15.0,0.0,0.04404
1055,you wanna observe?,15.0,0.0,0.04404
1056,Oh,15.0,0.0,0.04404
1057, uh,15.0,0.0,0.10398
1058, thanks.    ,15.0,0.4404,0.14801999999999998
1059,I gotta finish this last bin.    ,15.0,0.0,0.19205999999999998
1060,'Kay.    ,15.0,0.0,0.19205999999999998
1061,We loved having you here.,15.0,0.5994,0.19205999999999998
1062,Thanks for everything.    ,15.0,0.4404,0.19205999999999998
1063,Thanks,15.0,0.4404,0.13346999999999998
1064, Chef Jess.    ,15.0,0.0,0.08942999999999998
1065,(sighs deeply)    ,15.0,0.0,0.08942999999999998
1066,You know where the polish is?,15.0,0.0,0.08942999999999998
1067,That bullshit keeps moving.    ,15.0,-0.5859,0.02948999999999997
1068,Try that drawer over there.    ,15.0,0.0,-0.01455000000000003
1069,What are you making?    ,15.0,0.0,-0.028990000000000033
1070,I'm just peeling mushrooms,15.0,0.0,0.041109999999999966
1071,for the lamb des tournelles.    ,15.0,0.0,0.041109999999999966
1072,Peeling mushrooms?    ,15.0,0.0,0.041109999999999966
1073,Yeah. It's just,15.0,0.296,0.09969999999999997
1074,a nice little fun detail.    ,15.0,0.701,0.09969999999999997
1075,So when the diners see it,15.0,0.0,0.09969999999999997
1076,they know that someone    ,15.0,0.0,0.12469999999999996
1077,spent a lot of time,15.0,0.0,0.14732999999999996
1078,on their dish.    ,15.0,0.0,0.18876999999999997
1079,Do you wanna have a go?    ,15.0,0.0,0.15916999999999998
1080,Alright.    ,15.0,0.25,0.08906999999999997
1081,Okay,15.0,0.2263,0.08906999999999997
1082, so hold it like this.    ,15.0,0.4144,0.12518999999999997
1083,Mm-Hmm.,15.0,0.0,0.12518999999999997
1084,Knife at 1300,15.0,0.0,0.15478999999999998
1085,Grab the end,15.0,0.0,0.15478999999999998
1086,and just peel like that.    ,15.0,0.3612,0.12979
1087,So slowly.    ,15.0,0.0,0.13676
1088,Yeah.    ,15.0,0.296,0.09531999999999999
1089,Thirteen hundred,15.0,0.0,0.09531999999999999
1090, huh?    ,15.0,0.0,0.12491999999999999
1091,TERRY: Yeah.,15.0,0.296,0.12491999999999999
1092,Did you serve?,15.0,0.0,0.08879999999999999
1093,Dad did.,15.0,0.0,0.08879999999999999
1094,RICHIE: Yeah. Same.,15.0,0.296,0.08879999999999999
1095,Staff sergeant.    ,15.0,0.0,0.08879999999999999
1096,Corporal.    ,15.0,0.0,0.12491999999999999
1097,A lot of standards.    ,15.0,0.0,0.09531999999999999
1098,Yeah.    ,15.0,0.296,0.09531999999999999
1099,Turns out,15.0,0.0,0.09531999999999999
1100, I like standards.    ,15.0,0.3612,0.09531999999999999
1101,(Richie scoffs)    ,15.0,0.0,0.09531999999999999
1102,(Richie sighs)    ,15.0,0.0,0.12491999999999999
1103,Did you move around a lot?    ,15.0,0.0,0.12491999999999999
1104,Yeah. You?    ,15.0,0.296,0.08759999999999998
1105,I know Carmen.,15.0,0.0,0.12779
1106,RICHIE: Yeah,15.0,0.296,0.09166999999999999
1107, I know.    ,15.0,0.0,0.07289999999999999
1108,I'm sorry,15.0,-0.0772,0.07289999999999999
1109,that he pulled a favor.    ,15.0,0.4019,0.13538999999999998
1110,Not at all.,15.0,0.0,0.10578999999999998
1111,I don't do favors.    ,15.0,-0.1877,0.14597999999999997
1112,-How's that?,15.0,0.0,0.14819999999999997
1113,-That's great.    ,15.0,0.6249,0.14819999999999997
1114,can I do another one?,15.0,0.0,0.15591999999999998
1115,TERRY: Yes,15.0,0.4019,0.08612999999999997
1116, please do.    ,15.0,0.3182,0.08612999999999997
1117,So why do you do this?    ,15.0,0.0,0.14101999999999998
1118,(laughs) I do it for a living.    ,15.0,0.0,0.14101999999999998
1119,No,15.0,-0.296,0.014249999999999962
1120, but,15.0,0.0,0.04384999999999996
1121, like,15.0,0.3612,0.030979999999999962
1122, don't you,15.0,0.0,0.035279999999999964
1123,have stages that do this shit?    ,15.0,-0.6428,0.035279999999999964
1124,Yeah,15.0,0.296,0.035279999999999964
1125, well,15.0,0.2732,0.11254999999999997
1126, I like,15.0,0.3612,0.11254999999999997
1127,starting the day with this.    ,15.0,0.0,0.10374999999999997
1128,Why?,15.0,0.0,0.13106999999999996
1129,TERRY: Respect. Feels attached.,15.0,0.4767,0.19534999999999997
1130,I think time spent doing this,15.0,0.0,0.19534999999999997
1131,is time well spent.    ,15.0,0.2732,0.16802999999999998
1132,RICHIE: Time well spent.    ,15.0,0.2732,0.13191
1133,That's what it's all about?    ,15.0,0.0,0.13191
1134,Yeah,15.0,0.296,0.13191
1135, I think so.    ,15.0,0.0,0.08424
1136,When did that start?    ,15.0,0.0,0.08424
1137,Oh,15.0,0.0,0.05691999999999999
1138, I st... I tried to open,15.0,0.0,-0.004400000000000004
1139,a giant place years ago.    ,15.0,0.0,-0.053790000000000004
1140,I had all these accolades.,15.0,0.0,-0.08339
1141,I was younger,15.0,0.0,-0.08339
1142, I was on fire.    ,15.0,-0.34,-0.08339
1143,I was arrogant,15.0,-0.4939,-0.08339
1144, and,15.0,0.0,-0.08339
1145, uh...    ,15.0,0.0,-0.15044
1146,I tried to move too fast.    ,15.0,0.0,-0.15044
1147,I couldn't keep the place open,15.0,0.0,-0.15044
1148,and the market crashed,15.0,0.0,-0.08684
1149,and I got killed.    ,15.0,-0.6705,-0.03745
1150,Public wipeout?    ,15.0,0.0,-0.03745
1151,Oh,15.0,0.0,-0.010129999999999995
1152, yeah.,15.0,0.296,-0.010129999999999995
1153,The most public wipeout.    ,15.0,0.0,-0.010129999999999995
1154,So how'd this place happen?    ,15.0,0.0,-0.010129999999999995
1155,Well,15.0,0.2732,0.056920000000000005
1156, now,15.0,0.0,0.056920000000000005
1157, that was on my...    ,15.0,0.0,0.056920000000000005
1158,My   th birthday.,15.0,0.0,-0.023739999999999994
1159,Hmm.,15.0,0.0,-0.0748
1160,I was out walking all night,15.0,0.0,-0.12419
1161,unemployed,15.0,0.0,-0.18333
1162, angry,15.0,-0.5106,-0.21515
1163, depressed.    ,15.0,-0.5106,-0.21515
1164,Blaming everybody else,15.0,-0.4939,-0.21515
1165,for all the time I'd lost    ,15.0,-0.3182,-0.21515
1166,and the money I'd lost,15.0,-0.3182,-0.21515
1167,all of it.    ,15.0,0.0,-0.27088999999999996
1168,And it was raining.    ,15.0,0.0,-0.21982999999999997
1169,And I was walking,15.0,0.0,-0.19836999999999996
1170,through Lincoln Park.,15.0,0.0,-0.14897999999999995
1171,My phone had died.    ,15.0,-0.5574,-0.11715999999999996
1172,And so I stood under this awning,15.0,0.0,-0.08533999999999994
1173,waiting for the rain to stop.    ,15.0,-0.296,-0.08533999999999994
1174,And I just stood there,15.0,0.0,-0.08533999999999994
1175,and stared.    ,15.0,0.0,-0.08533999999999994
1176,And eventually the sun came up    ,15.0,0.0,-0.08533999999999994
1177,and it turns out,15.0,0.0,-0.02959999999999995
1178,I was right there.    ,15.0,0.0,-0.02959999999999995
1179,And then I walked,15.0,0.0,4.9960036108132046e-17
1180,'round to the front    ,15.0,0.0,4.9960036108132046e-17
1181,and I saw the sign.    ,15.0,0.0,0.036120000000000055
1182,It was an actual sign.    ,15.0,0.0,0.036120000000000055
1183,It was a restaurant,15.0,0.0,0.036120000000000055
1184,for lease sign.    ,15.0,0.0,0.06572000000000004
1185,Like,15.0,0.3612,0.06572000000000004
1186, um... (clicks tongue)    ,15.0,0.0,0.06572000000000004
1187,-...never too late kinda thing.,15.0,0.0,0.06572000000000004
1188,TERRY: Yeah.,15.0,0.296,0.06572000000000004
1189,Never too late to start over.    ,15.0,0.0,0.09304000000000004
1190,How did you get,15.0,0.0,0.03730000000000004
1191,the money to open?    ,15.0,0.0,0.0011800000000000421
1192,Um,15.0,0.0,0.0011800000000000421
1193, well,15.0,0.2732,0.0011800000000000421
1194, my dad had died,15.0,-0.5574,-0.028419999999999956
1195,the summer before,15.0,0.0,-0.028419999999999956
1196,and only child,15.0,0.0,0.0011800000000000421
1197, my mum sold,15.0,0.0,0.0011800000000000421
1198,the house and put it in here.    ,15.0,0.0,0.03078000000000004
1199,Oh. Family business.,15.0,0.0,0.08472000000000005
1200,TERRY: Yeah.,15.0,0.296,0.14046000000000003
1201,You close with your ma?    ,15.0,0.0,0.20415
1202,Yeah,15.0,0.296,0.24027000000000004
1203, she's my best friend.,15.0,0.8126,0.24027000000000004
1204,You?    ,15.0,0.0,0.26987
1205,My best friend's ma,15.0,0.6369,0.26987
1206,was like my ma.    ,15.0,0.3612,0.21067
1207,TERRY: Ooh,15.0,0.0,0.24026999999999998
1208, yeah?    ,15.0,0.296,0.21067
1209,What about your dad?    ,15.0,0.0,0.12941
1210,No.,15.0,-0.296,0.18208
1211,Yeah. (laughs),15.0,0.296,0.16243
1212,Are you close to yours?    ,15.0,0.0,0.12630999999999998
1213,Hmm.,15.0,0.0,0.12630999999999998
1214,Yeah. Yeah,15.0,0.5267,0.09670999999999999
1215, it's funny.    ,15.0,0.4404,0.13282999999999998
1216,I learned the most about him,15.0,0.0,0.16243
1217,when I was packing up his house.    ,15.0,0.0,0.13282999999999998
1218,All his belongings,15.0,0.0,0.13282999999999998
1219,like,15.0,0.3612,0.13282999999999998
1220, his whole life.    ,15.0,0.0,0.08015999999999998
1221,And I found this,15.0,0.0,0.036119999999999985
1222,stash of pocket notebooks    ,15.0,0.0,0.07224
1223,that he must have taken with him,15.0,0.0,0.07224
1224,when he was on tour.    ,15.0,0.0,0.07224
1225,And full of all these details,15.0,0.0,0.03611999999999999
1226,like the palm trees he'd seen,15.0,0.3612,0.03611999999999999
1227,or escargot he'd tried.    ,15.0,0.0,0.03611999999999999
1228,Or this time,15.0,0.0,0.03611999999999999
1229,the ocean looked purple.    ,15.0,0.0,0.03611999999999999
1230,And,15.0,0.0,0.07224
1231, um,15.0,0.0,0.10835999999999998
1232, the way,15.0,0.0,0.08918999999999999
1233,he wrote everything,15.0,0.0,0.10613999999999998
1234,it was like a reminder,15.0,0.3612,0.14633
1235,like a...,15.0,0.3612,0.1261
1236,don't forget this moment    ,15.0,0.1695,0.1261
1237,or don't forget this,15.0,0.1695,0.1261
1238,interesting,15.0,0.4019,0.1261
1239, strange detail.    ,15.0,-0.2023,0.1261
1240,Hundreds of these entries.    ,15.0,0.0,0.08997999999999999
1241,JESSICA: Chef Terry?    ,15.0,0.0,0.09405
1242,And he'd-he'd sign each one off,15.0,0.0,0.07709999999999999
1243,the same way every time.    ,15.0,0.0,0.060149999999999995
1244,Chef?,15.0,0.0,0.019959999999999995
1245,Yes,15.0,0.4019,0.04018999999999999
1246, Chef?    ,15.0,0.0,0.07630999999999999
1247,Arnaud upstairs.    ,15.0,0.0,0.07630999999999999
1248,TERRY:,15.0,0.0,0.07630999999999999
1249,Oh,15.0,0.0,0.07630999999999999
1250, thank you,15.0,0.3612,0.07630999999999999
1251, Chef.    ,15.0,0.0,0.06571999999999999
1252,Don't be a stranger,15.0,0.0,0.06571999999999999
1253, Richie.    ,15.0,0.0,0.10184
1254,Say hi to Carmen for me.    ,15.0,0.0,0.10184
1255,Yeah,15.0,0.296,0.10184
1256, will do.    ,15.0,0.0,0.06572
1257,TERRY: Thank you.    ,15.0,0.3612,0.06572
1258,He believes in you,15.0,0.0,0.06572
1259,you know.    ,15.0,0.0,0.10976
1260,(Richie scoffs)    ,15.0,0.0,0.147
1261,What makes you say that?    ,15.0,0.0,0.15955
1262,He told me.    ,15.0,0.0,0.15955
1263,He said you're good with people.,15.0,0.4404,0.12343
1264,He's not wrong.    ,15.0,0.3724,0.12343
1265,Nice talking to you,15.0,0.4215,0.12343
1266, Chef.    ,15.0,0.0,0.12343
1267,TERRY: Likewise,15.0,0.0,0.12343
1268, Chef.    ,15.0,0.0,0.12343
1269,Uh,15.0,0.0,0.07938999999999999
1270, ch... Chef?    ,15.0,0.0,0.04214999999999999
1271,Uh,15.0,0.0,-5.551115123125783e-18
1272, you never said,15.0,0.0,0.020229999999999995
1273,what he signed off with.    ,15.0,0.0,0.020229999999999995
1274,What'd your dad...    ,15.0,0.0,0.020229999999999995
1275,"(""Love Story""",15.0,0.0,0.020229999999999995
1276,by Taylor Swift playing)    ,15.0,0.2023,-0.004770000000000005
1277,Marry me,15.0,0.0,0.05891999999999999
1278, Juliet    ,15.0,0.0,0.05891999999999999
1279,You'll never,15.0,0.0,0.05891999999999999
1280,have to be alone    ,15.0,-0.25,0.05891999999999999
1281,I love you,15.0,0.6369,0.12261
1282,and that's all I really know    ,15.0,0.0,0.10238
1283,I talked to your dad,15.0,0.0,0.10238
1284,go pick out a white dress    ,15.0,0.0,0.10238
1285,It's a love story    ,15.0,0.6369,0.10238
1286,Baby,15.0,0.0,0.12738
1287, just say,15.0,0.0,0.06369
1288," ""Yes""    ",15.0,0.0,0.06369
1289,Oh,15.0,0.0,0.06369
1290, oh,15.0,0.0,0.06369
1291, oh    ,15.0,0.0,0.0
1292,Oh,15.0,0.0,0.0
1293, oh,15.0,0.0,0.0
1294, oh-oh    ,15.0,0.0,0.0
1295,Oh,15.0,0.0,0.0
1296, oh,15.0,0.0,0.0
1297, oh-oh    ,15.0,0.0,0.0
1298,Oh,15.0,0.0,0.0
1299, oh,15.0,0.0,0.0
1300, oh-oh    ,15.0,0.0,0.0
1301,Cause we were both young    ,15.0,0.0,0.0
1302,When I first saw you,15.0,0.0,0.0
